frame,time_sec,elbow_angle,knee_angle,shoulder_angle,trunk_lean,hip_height,wrist_height,wrist_above_head,wrist_ahead_of_shoulder,torso_px
0,0.0,,,,,,,,,
1,0.034,,,,,,,,,
2,0.069,,,,,,,,,
3,0.103,,,,,,,,,
4,0.138,,,,,,,,,
5,0.172,,,,,,,,,
6,0.207,,,,,,,,,
7,0.241,,,,,,,,,
8,0.276,,,,,,,,,
9,0.31,,,,,,,,,
10,0.345,,,,,,,,,
11,0.379,,,,,,,,,
12,0.414,,,,,,,,,
13,0.448,,,,,,,,,
14,0.483,,,,,,,,,
15,0.517,,,,,,,,,
16,0.552,,,,,,,,,
17,0.586,,,,,,,,,
18,0.621,,,,,,,,,
19,0.655,,,,,,,,,
20,0.69,,,,,,,,,
21,0.724,,,,,,,,,
22,0.759,,,,,,,,,
23,0.793,,,,,,,,,
24,0.828,,,,,,,,,
25,0.862,,,,,,,,,
26,0.897,,,,,,,,,
27,0.931,,,,,,,,,
28,0.966,,,,,,,,,
29,1.0,,,,,,,,,
30,1.035,,,,,,,,,
31,1.069,,,,,,,,,
32,1.104,,,,,,,,,
33,1.138,,,,,,,,,
34,1.173,,,,,,,,,
35,1.207,,,,,,,,,
36,1.241,,,,,,,,,
37,1.276,,,,,,,,,
38,1.31,,,,,,,,,
39,1.345,,,,,,,,,
40,1.379,,,,,,,,,
41,1.414,,,,,,,,,
42,1.448,,,,,,,,,
43,1.483,,,,,,,,,
44,1.517,,,,,,,,,
45,1.552,,,,,,,,,
46,1.586,,,,,,,,,
47,1.621,,,,,,,,,
48,1.655,,,,,,,,,
49,1.69,,,,,,,,,
50,1.724,,,,,,,,,
51,1.759,,,,,,,,,
52,1.793,,,,,,,,,
53,1.828,,,,,,,,,
54,1.862,,,,,,,,,
55,1.897,,,,,,,,,
56,1.931,,,,,,,,,
57,1.966,,,,,,,,,
58,2.0,,,,,,,,,
59,2.035,,,,,,,,,
60,2.069,,,,,,,,,
61,2.104,,,,,,,,,
62,2.138,,,,,,,,,
63,2.173,,,,,,,,,
64,2.207,,,,,,,,,
65,2.242,,,,,,,,,
66,2.276,,,,,,,,,
67,2.311,,,,,,,,,
68,2.345,,,,,,,,,
69,2.38,,,,,,,,,
70,2.414,,,,,,,,,
71,2.449,,,,,,,,,
72,2.483,,,,,,,,,
73,2.517,,,,,,,,,
74,2.552,,,,,,,,,
75,2.586,,,,,,,,,
76,2.621,,,,,,,,,
77,2.655,,,,,,,,,
78,2.69,,,,,,,,,
79,2.724,,,,,,,,,
80,2.759,,,,,,,,,
81,2.793,,,,,,,,,
82,2.828,,,,,,,,,
83,2.862,,,,,,,,,
84,2.897,,,,,,,,,
85,2.931,,,,,,,,,
86,2.966,,,,,,,,,
87,3.0,,,,,,,,,
88,3.035,,,,,,,,,
89,3.069,,,,,,,,,
90,3.104,,,,,,,,,
91,3.138,,,,,,,,,
92,3.173,,,,,,,,,
93,3.207,,,,,,,,,
94,3.242,,,,,,,,,
95,3.276,,,,,,,,,
96,3.311,,,,,,,,,
97,3.345,,,,,,,,,
98,3.38,,,,,,,,,
99,3.414,,,,,,,,,
100,3.449,,,,,,,,,
101,3.483,,,,,,,,,
102,3.518,,,,,,,,,
103,3.552,,,,,,,,,
104,3.587,,,,,,,,,
105,3.621,,,,,,,,,
106,3.656,,,,,,,,,
107,3.69,,,,,,,,,
108,3.724,96.8,,20.9,33.5,0.464,0.4,-1.272,0.309,99.0
109,3.759,85.6,,39.0,38.0,0.449,0.544,-1.022,0.423,105.5
110,3.793,84.2,,48.9,39.3,0.323,0.72,-0.835,0.451,106.2
111,3.828,79.6,,52.3,37.0,0.295,0.898,-0.7,0.475,106.9
112,3.862,78.8,,51.1,33.2,0.355,0.959,-0.654,0.379,108.6
113,3.897,,,,28.8,0.391,1.026,-0.647,0.373,109.1
114,3.931,,,,27.1,0.392,1.047,-0.694,0.277,109.1
115,3.966,,,,20.2,0.385,,,,108.6
116,4.0,,,,23.2,0.408,,,,106.9
117,4.035,159.1,,44.1,26.7,0.749,0.932,-1.145,0.322,91.3
118,4.069,162.9,,39.7,24.4,0.681,0.795,-1.246,0.34,90.7
119,4.104,159.6,,35.4,22.5,0.629,0.674,-1.413,0.383,89.5
120,4.138,161.9,49.2,29.3,19.4,0.647,0.628,-1.495,0.328,89.2
121,4.173,164.3,65.2,23.8,15.6,0.685,0.601,-1.492,0.291,89.2
122,4.207,165.1,84.8,19.9,13.0,0.708,0.61,-1.509,0.265,89.2
123,4.242,168.4,96.1,14.3,8.4,0.73,0.653,-1.525,0.215,88.3
124,4.276,169.0,161.9,7.1,7.4,0.921,0.846,-1.401,-0.155,82.8
125,4.311,171.7,177.3,20.1,-0.2,0.919,1.07,-1.285,-0.39,78.8
126,4.345,168.4,173.8,35.9,4.3,1.075,1.319,-1.061,-0.681,74.5
127,4.38,158.5,158.8,42.5,5.8,0.972,1.453,-0.855,-0.772,74.4
128,4.414,164.8,116.9,42.7,11.5,0.905,1.385,-0.892,-0.88,71.8
129,4.449,161.1,98.9,33.2,10.9,0.869,1.233,-1.102,-0.786,70.9
130,4.483,,87.8,,18.2,0.938,,,,66.1
131,4.518,,77.7,,16.7,0.953,,,,66.1
132,4.552,,89.4,18.8,15.2,0.976,,,,66.1
133,4.587,,81.6,47.8,13.0,1.029,,,,66.1
134,4.621,148.6,83.9,76.6,17.2,1.056,1.743,-0.831,0.923,66.8
135,4.656,128.6,91.6,94.7,14.6,1.034,2.221,-0.298,0.909,70.5
136,4.69,107.3,105.8,101.9,12.6,1.14,2.498,-0.041,0.661,74.1
137,4.725,90.6,130.0,101.5,10.0,1.314,2.759,0.031,0.508,74.1
138,4.759,82.5,155.9,102.3,7.6,1.552,2.923,0.005,0.389,74.1
139,4.794,85.7,179.5,94.8,0.4,1.758,3.036,-0.042,0.4,74.1
140,4.828,141.3,175.5,91.9,-5.3,2.07,3.238,-0.14,0.433,70.6
141,4.863,169.1,155.5,101.4,-12.3,2.27,3.361,-0.198,0.389,69.9
142,4.897,172.3,133.2,113.0,-16.5,2.425,3.53,-0.241,0.338,68.8
143,4.932,161.5,116.5,123.9,-16.4,2.537,3.743,-0.19,0.347,67.6
144,4.966,162.4,115.2,121.9,-17.1,2.74,3.979,-0.119,0.373,65.3
145,5.0,163.4,131.2,129.9,-19.7,2.819,4.052,-0.043,0.312,66.8
146,5.035,79.1,147.4,135.7,-17.6,2.939,4.201,-0.062,0.092,65.8
147,5.069,,151.2,152.2,-15.8,3.003,,,,65.3
148,5.104,82.6,141.8,144.6,-12.1,3.023,4.476,0.054,-0.233,64.5
149,5.138,60.4,139.6,127.5,-14.4,3.048,4.584,0.209,-0.151,64.5
150,5.173,103.5,128.6,128.6,-9.0,3.073,4.856,0.576,0.15,64.5
151,5.207,168.5,122.1,132.8,-5.6,2.969,4.846,0.634,0.533,64.5
152,5.242,176.1,127.6,117.9,-7.1,2.892,4.506,0.321,0.676,64.5
153,5.276,179.0,157.7,35.7,-3.9,2.839,3.326,-0.761,0.488,64.5
154,5.311,167.4,158.7,29.2,-0.5,2.708,2.878,-1.081,0.384,65.0
155,5.345,177.1,163.1,25.4,-0.5,2.546,2.773,-1.116,0.433,65.0
156,5.38,159.8,170.3,21.8,4.0,2.419,2.601,-1.302,0.462,63.1
157,5.414,156.8,166.9,21.1,1.0,2.271,2.381,-1.308,0.535,62.3
158,5.449,159.4,161.0,22.4,2.4,2.16,2.211,-1.302,0.509,61.2
159,5.483,167.9,144.9,16.8,1.1,1.952,1.982,-1.306,0.344,61.2
160,5.518,175.4,140.0,6.7,-3.4,1.789,1.728,-1.399,0.223,61.2
161,5.552,174.0,124.0,2.0,-1.0,1.752,1.626,-1.445,0.032,61.2
162,5.587,169.9,127.9,14.2,-3.0,1.747,1.669,-1.424,-0.114,62.0
163,5.621,170.0,141.7,21.3,-3.6,1.774,1.76,-1.418,-0.227,62.0
164,5.656,173.1,151.2,18.2,-5.4,1.9,1.862,-1.42,-0.17,62.0
165,5.69,173.4,163.1,13.1,-4.3,2.001,1.985,-1.379,-0.104,62.0
166,5.725,169.8,167.5,11.0,-4.5,2.131,2.064,-1.432,-0.033,61.6
167,5.759,170.2,169.7,5.8,-2.0,2.252,2.168,-1.376,0.012,61.6
168,5.794,168.7,171.0,0.4,0.7,2.247,2.229,-1.374,0.071,61.6
169,5.828,161.6,170.9,5.9,6.1,2.295,2.296,-1.351,0.147,61.6
170,5.863,165.4,175.8,11.3,0.4,2.266,2.328,-1.304,0.3,61.8
171,5.897,162.4,173.1,14.2,-0.3,2.227,2.359,-1.26,0.374,62.0
172,5.932,155.3,176.0,17.9,-0.7,2.182,2.416,-1.171,0.48,62.0
173,5.966,147.4,176.1,20.5,0.6,2.136,2.44,-1.086,0.538,62.2
174,6.001,138.5,170.4,22.6,1.6,2.069,2.472,-1.019,0.566,62.3
175,6.035,126.4,170.7,22.5,0.9,1.977,2.478,-0.87,0.59,63.0
176,6.07,121.8,167.0,21.8,1.0,1.934,2.501,-0.869,0.585,62.2
177,6.104,120.1,171.4,18.8,1.6,1.918,2.463,-0.871,0.574,62.2
178,6.139,118.7,173.8,15.6,3.6,1.993,2.43,-0.929,0.524,61.6
179,6.173,132.5,172.5,13.9,5.1,2.068,2.351,-1.041,0.434,61.4
180,6.207,146.2,169.6,11.5,3.1,2.128,2.283,-1.158,0.373,61.3
181,6.242,161.3,167.9,7.1,0.5,2.259,2.324,-1.242,0.268,59.8
182,6.276,161.1,159.5,3.9,0.8,2.424,2.515,-1.216,0.195,57.8
183,6.311,163.6,153.9,6.5,2.3,2.467,2.587,-1.171,0.186,57.6
184,6.345,178.0,154.3,14.7,1.9,2.47,2.613,-1.18,0.214,57.4
185,6.38,174.3,158.3,19.0,2.1,2.526,2.6,-1.239,0.231,56.9
186,6.414,175.0,154.6,18.5,0.5,2.52,2.661,-1.289,0.276,54.2
187,6.449,179.2,164.3,18.3,2.4,2.645,2.671,-1.337,0.277,53.0
188,6.483,177.2,156.4,16.6,2.2,2.495,2.572,-1.37,0.271,53.0
189,6.518,177.8,157.6,18.6,5.0,2.573,2.485,-1.39,0.26,53.2
190,6.552,176.7,156.6,13.8,3.9,2.488,2.471,-1.412,0.205,53.0
191,6.587,169.0,162.8,12.4,3.9,2.506,2.633,-1.251,0.073,53.0
192,6.621,,172.0,,5.0,2.546,,,,52.9
193,6.656,,174.8,,5.9,2.581,,,,52.9
194,6.69,,179.4,,6.3,2.613,,,,52.9
195,6.725,,,,6.9,2.737,,,,51.3
196,6.759,,169.5,15.0,7.0,2.833,,,,49.8
197,6.794,,172.4,15.9,6.7,2.81,,,,49.6
198,6.828,,176.0,16.6,5.9,2.766,,,,49.6
199,6.863,,,,6.7,2.758,,,,48.6
200,6.897,,,,6.8,2.717,,,,48.0
201,6.932,,,,6.5,2.741,,,,46.6
202,6.966,,,,7.6,2.775,,,,45.1
203,7.001,,174.4,,5.1,3.124,,,,40.8
204,7.035,,,,7.3,3.223,,,,39.2
205,7.07,,,,8.8,3.253,,,,38.7
206,7.104,,,,8.4,3.341,,,,38.2
207,7.139,,,,10.7,3.361,,,,38.2
208,7.173,,164.6,,12.3,3.439,,,,38.2
209,7.208,,168.5,,16.0,3.453,,,,38.2
210,7.242,,172.2,,18.1,3.352,,,,39.6
211,7.277,,177.1,,21.1,3.519,,,,40.3
212,7.311,,178.1,13.9,22.6,3.553,,,,40.8
213,7.346,,178.1,,24.3,3.626,,,,40.8
214,7.38,,175.9,14.0,25.9,3.694,,,,40.8
215,7.414,,175.7,14.6,24.9,3.749,,,,40.8
216,7.449,,168.3,11.6,25.5,3.782,,,,40.7
217,7.483,,170.3,,28.2,3.787,,,,40.6
218,7.518,,169.7,11.8,28.6,3.767,,,,40.5
219,7.552,178.7,170.3,12.8,29.3,3.754,3.647,-1.304,-0.299,40.4
220,7.587,176.5,169.3,13.0,29.0,3.695,3.558,-1.326,-0.256,40.4
221,7.621,173.7,160.6,11.8,26.6,3.632,3.53,-1.318,-0.213,40.3
222,7.656,175.6,162.7,13.4,24.9,3.671,3.581,-1.316,-0.17,39.9
223,7.69,173.8,163.2,12.7,23.9,3.658,3.577,-1.309,-0.15,40.1
224,7.725,172.2,162.3,11.1,23.0,3.704,3.606,-1.358,-0.15,40.1
225,7.759,173.3,139.8,10.3,21.9,3.768,3.668,-1.395,-0.154,40.1
226,7.794,171.4,128.9,9.7,20.6,3.867,3.809,-1.314,-0.12,39.9
227,7.828,171.1,132.7,10.1,16.3,3.973,3.922,-1.318,-0.035,39.8
228,7.863,172.1,129.5,9.9,14.4,4.057,4.036,-1.304,-0.011,39.6
229,7.897,166.3,137.5,8.8,14.9,4.182,4.176,-1.271,0.001,39.2
230,7.932,166.3,134.5,9.7,16.9,4.427,4.381,-1.333,-0.017,37.7
231,7.966,171.6,136.8,11.7,16.8,4.468,4.4,-1.378,-0.026,37.5
232,8.001,173.1,146.9,12.2,17.3,4.497,4.442,-1.342,-0.039,37.4
233,8.035,173.7,157.8,13.2,19.3,4.565,4.534,-1.339,-0.056,36.9
234,8.07,168.3,163.2,12.4,22.1,4.572,4.531,-1.34,-0.078,36.7
235,8.104,165.7,171.3,10.3,22.3,4.58,4.526,-1.343,-0.097,36.2
236,8.139,166.1,175.4,9.6,21.5,4.526,4.498,-1.358,-0.093,36.1
237,8.173,173.8,175.8,12.3,20.1,4.502,4.463,-1.355,-0.083,35.7
238,8.208,175.3,179.4,10.1,18.0,4.562,4.509,-1.416,-0.095,34.8
239,8.242,174.9,169.1,10.5,18.1,4.55,4.51,-1.351,-0.088,34.3
240,8.277,176.0,157.9,13.0,18.6,4.538,4.455,-1.381,-0.064,34.2
241,8.311,174.5,153.8,13.3,17.5,4.611,4.545,-1.401,-0.029,34.0
242,8.346,174.7,153.8,15.8,18.7,4.877,4.776,-1.369,-0.006,32.7
243,8.38,176.3,162.0,15.8,17.1,4.949,4.851,-1.372,0.009,32.6
244,8.415,173.0,163.7,16.1,18.0,5.127,5.0,-1.422,0.024,32.2
245,8.449,169.0,160.8,17.2,20.8,5.161,5.03,-1.434,0.026,32.2
246,8.484,171.0,164.8,18.5,19.5,5.212,5.126,-1.319,0.05,32.2
247,8.518,170.2,174.8,20.0,19.9,5.201,5.122,-1.35,0.074,32.2
248,8.553,173.9,175.0,24.1,19.8,5.193,5.126,-1.331,0.123,32.2
249,8.587,171.7,176.0,23.1,18.3,5.165,5.092,-1.352,0.15,32.1
250,8.622,167.7,169.7,27.0,20.1,5.134,5.099,-1.341,0.202,32.1
251,8.656,168.1,175.7,30.8,20.4,5.174,5.156,-1.307,0.261,31.7
252,8.69,164.2,160.3,32.0,20.4,5.212,5.237,-1.298,0.298,31.1
253,8.725,164.0,155.7,38.0,22.5,5.245,5.288,-1.239,0.363,30.6
254,8.759,160.0,152.7,39.4,24.0,5.344,5.421,-1.178,0.379,29.9
255,8.794,153.8,147.4,40.0,22.8,5.305,5.44,-1.121,0.431,29.8
256,8.828,168.9,147.2,50.5,22.4,5.558,5.676,-1.154,0.509,28.4
257,8.863,149.5,132.5,45.8,22.5,5.62,5.756,-1.17,0.574,28.1
258,8.897,130.6,105.7,50.5,26.3,5.595,5.892,-0.957,0.685,28.1
259,8.932,126.9,90.0,45.0,22.1,5.679,5.937,-0.888,0.756,28.1
260,8.966,120.6,76.8,19.1,13.8,5.716,5.897,-1.028,0.509,28.1
261,9.001,100.3,76.7,3.4,11.9,5.651,5.926,-0.962,0.373,28.5
262,9.035,118.6,77.1,13.4,12.5,5.663,5.851,-1.101,0.455,28.6
263,9.07,122.6,85.8,13.9,8.8,5.558,5.773,-1.103,0.444,29.1
264,9.104,131.0,97.0,11.9,7.7,5.509,5.65,-1.15,0.425,29.7
265,9.139,135.7,112.4,18.2,5.9,5.577,5.676,-1.171,0.437,29.7
266,9.173,131.9,125.1,13.9,3.1,5.547,5.625,-1.236,0.601,29.7
267,9.208,121.7,131.6,7.4,2.4,5.529,5.671,-1.205,0.485,29.6
268,9.242,113.0,120.5,2.1,4.7,5.59,5.756,-1.123,0.377,29.5
269,9.277,135.3,158.1,8.5,9.9,5.621,5.69,-1.096,0.275,29.6
270,9.311,,,,,,,,,
271,9.346,,,,,,,,,
272,9.38,,,,,,,,,
273,9.415,,,,,,,,,
274,9.449,,,,,,,,,
275,9.484,,,,,,,,,
276,9.518,,,,,,,,,
277,9.553,,,,,,,,,
278,9.587,,,,,,,,,
279,9.622,,,,,,,,,
280,9.656,,,,,,,,,
281,9.691,,,,,,,,,
282,9.725,,,,,,,,,
283,9.76,,,,,,,,,
284,9.794,,,,,,,,,
285,9.829,,,,,,,,,
286,9.863,,,,,,,,,
287,9.897,,,,,,,,,
288,9.932,,,,,,,,,
289,9.966,,,,,,,,,
290,10.001,,,,,,,,,
291,10.035,,,,,,,,,
292,10.07,,,,,,,,,
293,10.104,,,,,,,,,
294,10.139,,,,,,,,,
295,10.173,,,,,,,,,
296,10.208,,,,,,,,,
297,10.242,,,,,,,,,
298,10.277,,,,,,,,,
299,10.311,,,,,,,,,
300,10.346,,,,,,,,,
301,10.38,,,,,,,,,
302,10.415,,,,,,,,,
303,10.449,,,,,,,,,
304,10.484,,,,,,,,,
305,10.518,,,,,,,,,
306,10.553,,,,,,,,,
307,10.587,,,,,,,,,
308,10.622,,,,,,,,,
309,10.656,,,,,,,,,
310,10.691,,,,,,,,,
311,10.725,,,,,,,,,
312,10.76,,,,,,,,,
313,10.794,,,,,,,,,
314,10.829,,,,,,,,,
315,10.863,,,,,,,,,
316,10.898,,,,,,,,,
317,10.932,,,,,,,,,
318,10.967,,,,,,,,,
319,11.001,,,,,,,,,
320,11.036,,,,,,,,,
321,11.07,,,,,,,,,
322,11.105,,,,,,,,,
323,11.139,,,,,,,,,
324,11.173,,,,,,,,,
325,11.208,,,,,,,,,
326,11.242,,,,,,,,,
327,11.277,,,,,,,,,
328,11.311,,,,,,,,,
329,11.346,,,,,,,,,
330,11.38,,,,,,,,,
331,11.415,,,,,,,,,
332,11.449,,,,,,,,,
333,11.484,,,,,,,,,
